	Id	Format	Size	Pts	Duration
466786	PLevvcC5Xbk	278	56665.0	0.0	5.12
466787	PLevvcC5Xbk	278	59499.0	5.12	5.12
466788	PLevvcC5Xbk	278	54262.0	10.24	5.12
466789	PLevvcC5Xbk	278	48288.0	15.36	5.12
466790	PLevvcC5Xbk	278	51403.0	20.48	5.12
466791	PLevvcC5Xbk	278	45832.0	25.6	5.32
466792	PLevvcC5Xbk	278	65831.0	30.92	5.48
466793	PLevvcC5Xbk	278	62656.0	36.4	5.2
466794	PLevvcC5Xbk	278	57507.0	41.6	5.12
466795	PLevvcC5Xbk	278	54519.0	46.72	5.12
466796	PLevvcC5Xbk	278	52636.0	51.84	5.12
466797	PLevvcC5Xbk	278	49865.0	56.96	5.12
466798	PLevvcC5Xbk	278	50311.0	62.08	4.68
466799	PLevvcC5Xbk	278	61089.0	66.76	5.48
466800	PLevvcC5Xbk	278	36285.0	72.24	4.36
466801	PLevvcC5Xbk	278	64761.0	76.6	5.32
466802	PLevvcC5Xbk	278	59817.0	81.92	5.12
466803	PLevvcC5Xbk	278	61216.0	87.04	5.12
466804	PLevvcC5Xbk	278	61486.0	92.16	5.12
466805	PLevvcC5Xbk	278	43349.0	97.28	4.04
466806	PLevvcC5Xbk	278	62585.0	101.32	5.48
466807	PLevvcC5Xbk	278	59509.0	106.8	5.2
466808	PLevvcC5Xbk	278	36994.0	112.0	5.12
466809	PLevvcC5Xbk	278	19409.0	117.12	4.28
466810	PLevvcC5Xbk	160	46027.0	0.0	5.12
466811	PLevvcC5Xbk	160	31579.0	5.12	5.12
466812	PLevvcC5Xbk	160	22115.0	10.24	5.12
466813	PLevvcC5Xbk	160	16107.0	15.36	5.12
466814	PLevvcC5Xbk	160	19736.0	20.48	5.12
466815	PLevvcC5Xbk	160	16104.0	25.6	5.32
466816	PLevvcC5Xbk	160	19849.0	30.92	5.48
466817	PLevvcC5Xbk	160	32656.0	36.4	5.2
466818	PLevvcC5Xbk	160	38154.0	41.6	5.12
466819	PLevvcC5Xbk	160	35890.0	46.72	5.12
466820	PLevvcC5Xbk	160	29739.0	51.84	5.12
466821	PLevvcC5Xbk	160	25808.0	56.96	5.12
466822	PLevvcC5Xbk	160	36548.0	62.08	4.68
466823	PLevvcC5Xbk	160	52090.0	66.76	5.48
466824	PLevvcC5Xbk	160	16949.0	72.24	4.36
466825	PLevvcC5Xbk	160	67286.0	76.6	5.32
466826	PLevvcC5Xbk	160	70848.0	81.92	5.12
466827	PLevvcC5Xbk	160	63176.0	87.04	5.12
466828	PLevvcC5Xbk	160	46131.0	92.16	5.12
466829	PLevvcC5Xbk	160	32136.0	97.28	4.04
466830	PLevvcC5Xbk	160	33899.0	101.32	5.48
466831	PLevvcC5Xbk	160	31719.0	106.8	5.2
466832	PLevvcC5Xbk	160	15752.0	112.0	5.12
466833	PLevvcC5Xbk	160	7850.0	117.12	4.28
466834	PLevvcC5Xbk	242	125051.0	0.0	5.12
466835	PLevvcC5Xbk	242	99204.0	5.12	5.12
466836	PLevvcC5Xbk	242	62439.0	10.24	5.12
466837	PLevvcC5Xbk	242	39116.0	15.36	5.12
466838	PLevvcC5Xbk	242	58467.0	20.48	5.12
466839	PLevvcC5Xbk	242	36621.0	25.6	5.32
466840	PLevvcC5Xbk	242	56359.0	30.92	5.48
466841	PLevvcC5Xbk	242	83159.0	36.4	5.2
466842	PLevvcC5Xbk	242	83363.0	41.6	5.12
466843	PLevvcC5Xbk	242	79899.0	46.72	5.12
466844	PLevvcC5Xbk	242	72460.0	51.84	5.12
466845	PLevvcC5Xbk	242	74369.0	56.96	5.12
466846	PLevvcC5Xbk	242	86796.0	62.08	4.68
466847	PLevvcC5Xbk	242	113881.0	66.76	5.48
466848	PLevvcC5Xbk	242	40111.0	72.24	4.36
466849	PLevvcC5Xbk	242	145881.0	76.6	5.32
466850	PLevvcC5Xbk	242	137968.0	81.92	5.12
466851	PLevvcC5Xbk	242	139245.0	87.04	5.12
466852	PLevvcC5Xbk	242	136082.0	92.16	5.12
466853	PLevvcC5Xbk	242	85122.0	97.28	4.04
466854	PLevvcC5Xbk	242	81302.0	101.32	5.48
466855	PLevvcC5Xbk	242	95978.0	106.8	5.2
466856	PLevvcC5Xbk	242	29683.0	112.0	5.12
466857	PLevvcC5Xbk	242	16644.0	117.12	4.28
466858	PLevvcC5Xbk	133	87087.0	0.0	5.12
466859	PLevvcC5Xbk	133	59267.0	5.12	5.12
466860	PLevvcC5Xbk	133	40952.0	10.24	5.12
466861	PLevvcC5Xbk	133	29830.0	15.36	5.12
466862	PLevvcC5Xbk	133	36996.0	20.48	5.12
466863	PLevvcC5Xbk	133	30094.0	25.6	5.32
466864	PLevvcC5Xbk	133	38651.0	30.92	5.48
466865	PLevvcC5Xbk	133	61436.0	36.4	5.2
466866	PLevvcC5Xbk	133	68053.0	41.6	5.12
466867	PLevvcC5Xbk	133	65550.0	46.72	5.12
466868	PLevvcC5Xbk	133	57234.0	51.84	5.12
466869	PLevvcC5Xbk	133	52842.0	56.96	5.12
466870	PLevvcC5Xbk	133	69303.0	62.08	4.68
466871	PLevvcC5Xbk	133	97667.0	66.76	5.48
466872	PLevvcC5Xbk	133	32193.0	72.24	4.36
466873	PLevvcC5Xbk	133	125285.0	76.6	5.32
466874	PLevvcC5Xbk	133	156579.0	81.92	5.12
466875	PLevvcC5Xbk	133	116579.0	87.04	5.12
466876	PLevvcC5Xbk	133	88717.0	92.16	5.12
466877	PLevvcC5Xbk	133	62109.0	97.28	4.04
466878	PLevvcC5Xbk	133	62344.0	101.32	5.48
466879	PLevvcC5Xbk	133	58175.0	106.8	5.2
466880	PLevvcC5Xbk	133	30047.0	112.0	5.12
466881	PLevvcC5Xbk	133	14162.0	117.12	4.28
466882	PLevvcC5Xbk	243	227038.0	0.0	5.12
466883	PLevvcC5Xbk	243	178079.0	5.12	5.12
466884	PLevvcC5Xbk	243	112361.0	10.24	5.12
466885	PLevvcC5Xbk	243	73018.0	15.36	5.12
466886	PLevvcC5Xbk	243	99844.0	20.48	5.12
466887	PLevvcC5Xbk	243	63323.0	25.6	5.32
466888	PLevvcC5Xbk	243	98284.0	30.92	5.48
466889	PLevvcC5Xbk	243	137309.0	36.4	5.2
466890	PLevvcC5Xbk	243	129947.0	41.6	5.12
466891	PLevvcC5Xbk	243	123829.0	46.72	5.12
466892	PLevvcC5Xbk	243	122259.0	51.84	5.12
466893	PLevvcC5Xbk	243	136068.0	56.96	5.12
466894	PLevvcC5Xbk	243	169107.0	62.08	4.68
466895	PLevvcC5Xbk	243	213535.0	66.76	5.48
466896	PLevvcC5Xbk	243	62304.0	72.24	4.36
466897	PLevvcC5Xbk	243	270538.0	76.6	5.32
466898	PLevvcC5Xbk	243	253970.0	81.92	5.12
466899	PLevvcC5Xbk	243	252097.0	87.04	5.12
466900	PLevvcC5Xbk	243	239380.0	92.16	5.12
466901	PLevvcC5Xbk	243	151857.0	97.28	4.04
466902	PLevvcC5Xbk	243	130441.0	101.32	5.48
466903	PLevvcC5Xbk	243	159213.0	106.8	5.2
466904	PLevvcC5Xbk	243	53060.0	112.0	5.12
466905	PLevvcC5Xbk	243	30018.0	117.12	4.28
466906	PLevvcC5Xbk	134	193315.0	0.0	5.12
466907	PLevvcC5Xbk	134	141384.0	5.12	5.12
466908	PLevvcC5Xbk	134	99826.0	10.24	5.12
466909	PLevvcC5Xbk	134	73451.0	15.36	5.12
466910	PLevvcC5Xbk	134	87971.0	20.48	5.12
466911	PLevvcC5Xbk	134	73366.0	25.6	5.32
466912	PLevvcC5Xbk	134	91522.0	30.92	5.48
466913	PLevvcC5Xbk	134	134532.0	36.4	5.2
466914	PLevvcC5Xbk	134	146118.0	41.6	5.12
466915	PLevvcC5Xbk	134	145693.0	46.72	5.12
466916	PLevvcC5Xbk	134	122121.0	51.84	5.12
466917	PLevvcC5Xbk	134	114832.0	56.96	5.12
466918	PLevvcC5Xbk	134	150575.0	62.08	4.68
466919	PLevvcC5Xbk	134	212253.0	66.76	5.48
466920	PLevvcC5Xbk	134	75459.0	72.24	4.36
466921	PLevvcC5Xbk	134	276440.0	76.6	5.32
466922	PLevvcC5Xbk	134	344852.0	81.92	5.12
466923	PLevvcC5Xbk	134	261369.0	87.04	5.12
466924	PLevvcC5Xbk	134	199717.0	92.16	5.12
466925	PLevvcC5Xbk	134	146688.0	97.28	4.04
466926	PLevvcC5Xbk	134	136179.0	101.32	5.48
466927	PLevvcC5Xbk	134	126446.0	106.8	5.2
466928	PLevvcC5Xbk	134	74999.0	112.0	5.12
466929	PLevvcC5Xbk	134	35961.0	117.12	4.28
466930	PLevvcC5Xbk	244	372755.0	0.0	5.12
466931	PLevvcC5Xbk	244	300305.0	5.12	5.12
466932	PLevvcC5Xbk	244	183282.0	10.24	5.12
466933	PLevvcC5Xbk	244	124326.0	15.36	5.12
466934	PLevvcC5Xbk	244	166518.0	20.48	5.12
466935	PLevvcC5Xbk	244	111687.0	25.6	5.32
466936	PLevvcC5Xbk	244	159188.0	30.92	5.48
466937	PLevvcC5Xbk	244	218989.0	36.4	5.2
466938	PLevvcC5Xbk	244	202216.0	41.6	5.12
466939	PLevvcC5Xbk	244	189826.0	46.72	5.12
466940	PLevvcC5Xbk	244	202641.0	51.84	5.12
466941	PLevvcC5Xbk	244	235038.0	56.96	5.12
466942	PLevvcC5Xbk	244	275573.0	62.08	4.68
466943	PLevvcC5Xbk	244	330641.0	66.76	5.48
466944	PLevvcC5Xbk	244	96488.0	72.24	4.36
466945	PLevvcC5Xbk	244	479897.0	76.6	5.32
466946	PLevvcC5Xbk	244	458039.0	81.92	5.12
466947	PLevvcC5Xbk	244	412654.0	87.04	5.12
466948	PLevvcC5Xbk	244	394921.0	92.16	5.12
466949	PLevvcC5Xbk	244	244789.0	97.28	4.04
466950	PLevvcC5Xbk	244	208749.0	101.32	5.48
466951	PLevvcC5Xbk	244	246244.0	106.8	5.2
466952	PLevvcC5Xbk	244	89104.0	112.0	5.12
466953	PLevvcC5Xbk	244	49602.0	117.12	4.28
466954	PLevvcC5Xbk	135	366372.0	0.0	5.12
466955	PLevvcC5Xbk	135	271272.0	5.12	5.12
466956	PLevvcC5Xbk	135	188757.0	10.24	5.12
466957	PLevvcC5Xbk	135	141131.0	15.36	5.12
466958	PLevvcC5Xbk	135	165770.0	20.48	5.12
466959	PLevvcC5Xbk	135	141629.0	25.6	5.32
466960	PLevvcC5Xbk	135	186424.0	30.92	5.48
466961	PLevvcC5Xbk	135	259648.0	36.4	5.2
466962	PLevvcC5Xbk	135	321429.0	41.6	5.12
466963	PLevvcC5Xbk	135	313383.0	46.72	5.12
466964	PLevvcC5Xbk	135	249090.0	51.84	5.12
466965	PLevvcC5Xbk	135	226518.0	56.96	5.12
466966	PLevvcC5Xbk	135	289634.0	62.08	4.68
466967	PLevvcC5Xbk	135	409138.0	66.76	5.48
466968	PLevvcC5Xbk	135	147353.0	72.24	4.36
466969	PLevvcC5Xbk	135	530302.0	76.6	5.32
466970	PLevvcC5Xbk	135	635737.0	81.92	5.12
466971	PLevvcC5Xbk	135	496272.0	87.04	5.12
466972	PLevvcC5Xbk	135	385990.0	92.16	5.12
466973	PLevvcC5Xbk	135	292328.0	97.28	4.04
466974	PLevvcC5Xbk	135	263419.0	101.32	5.48
466975	PLevvcC5Xbk	135	240173.0	106.8	5.2
466976	PLevvcC5Xbk	135	162135.0	112.0	5.12
466977	PLevvcC5Xbk	135	78571.0	117.12	4.28
466978	PLevvcC5Xbk	247	679660.0	0.0	5.12
466979	PLevvcC5Xbk	247	550186.0	5.12	5.12
466980	PLevvcC5Xbk	247	327363.0	10.24	5.12
466981	PLevvcC5Xbk	247	224806.0	15.36	5.12
466982	PLevvcC5Xbk	247	284928.0	20.48	5.12
466983	PLevvcC5Xbk	247	197803.0	25.6	5.32
466984	PLevvcC5Xbk	247	326422.0	30.92	5.48
466985	PLevvcC5Xbk	247	441502.0	36.4	5.2
466986	PLevvcC5Xbk	247	415555.0	41.6	5.12
466987	PLevvcC5Xbk	247	410192.0	46.72	5.12
466988	PLevvcC5Xbk	247	427804.0	51.84	5.12
466989	PLevvcC5Xbk	247	504819.0	56.96	5.12
466990	PLevvcC5Xbk	247	560989.0	62.08	4.68
466991	PLevvcC5Xbk	247	668288.0	66.76	5.48
466992	PLevvcC5Xbk	247	211006.0	72.24	4.36
466993	PLevvcC5Xbk	247	874202.0	76.6	5.32
466994	PLevvcC5Xbk	247	917328.0	81.92	5.12
466995	PLevvcC5Xbk	247	739957.0	87.04	5.12
466996	PLevvcC5Xbk	247	672925.0	92.16	5.12
466997	PLevvcC5Xbk	247	445441.0	97.28	4.04
466998	PLevvcC5Xbk	247	377573.0	101.32	5.48
466999	PLevvcC5Xbk	247	439506.0	106.8	5.2
467000	PLevvcC5Xbk	247	179287.0	112.0	5.12
467001	PLevvcC5Xbk	247	104120.0	117.12	4.28
467002	PLevvcC5Xbk	136	635568.0	0.0	5.12
467003	PLevvcC5Xbk	136	509887.0	5.12	5.12
467004	PLevvcC5Xbk	136	364043.0	10.24	5.12
467005	PLevvcC5Xbk	136	274309.0	15.36	5.12
467006	PLevvcC5Xbk	136	316239.0	20.48	5.12
467007	PLevvcC5Xbk	136	296848.0	25.6	5.32
467008	PLevvcC5Xbk	136	373363.0	30.92	5.48
467009	PLevvcC5Xbk	136	508194.0	36.4	5.2
467010	PLevvcC5Xbk	136	627063.0	41.6	5.12
467011	PLevvcC5Xbk	136	631009.0	46.72	5.12
467012	PLevvcC5Xbk	136	423254.0	51.84	5.12
467013	PLevvcC5Xbk	136	405591.0	56.96	5.12
467014	PLevvcC5Xbk	136	576951.0	62.08	4.68
467015	PLevvcC5Xbk	136	740622.0	66.76	5.48
467016	PLevvcC5Xbk	136	300991.0	72.24	4.36
467017	PLevvcC5Xbk	136	922312.0	76.6	5.32
467018	PLevvcC5Xbk	136	1067805.0	81.92	5.12
467019	PLevvcC5Xbk	136	884659.0	87.04	5.12
467020	PLevvcC5Xbk	136	699502.0	92.16	5.12
467021	PLevvcC5Xbk	136	553595.0	97.28	4.04
467022	PLevvcC5Xbk	136	550692.0	101.32	5.48
467023	PLevvcC5Xbk	136	491531.0	106.8	5.2
467024	PLevvcC5Xbk	136	376413.0	112.0	5.12
467025	PLevvcC5Xbk	136	185306.0	117.12	4.28
744826	wnJ6LuUFpMo	278	62170.0	0.0	5.255
744827	wnJ6LuUFpMo	278	65302.0	5.255	5.422000000000001
744828	wnJ6LuUFpMo	278	49344.0	10.677	4.296
744829	wnJ6LuUFpMo	278	57400.0	14.972999999999999	4.9639999999999995
744830	wnJ6LuUFpMo	278	59450.0	19.937	5.005
744831	wnJ6LuUFpMo	278	54813.0	24.941999999999997	4.671
744832	wnJ6LuUFpMo	278	60364.0	29.613000000000003	5.088
744833	wnJ6LuUFpMo	278	63214.0	34.701	5.4639999999999995
744834	wnJ6LuUFpMo	278	62054.0	40.165	5.255
744835	wnJ6LuUFpMo	278	61973.0	45.42	5.422000000000001
744836	wnJ6LuUFpMo	278	47345.0	50.842	4.171
744837	wnJ6LuUFpMo	278	57950.0	55.013000000000005	5.0889999999999995
744838	wnJ6LuUFpMo	278	56142.0	60.102	4.671
744839	wnJ6LuUFpMo	278	56925.0	64.773	4.963
744840	wnJ6LuUFpMo	278	59009.0	69.736	5.005
744841	wnJ6LuUFpMo	278	58903.0	74.741	5.005
744842	wnJ6LuUFpMo	278	64416.0	79.74600000000001	5.422000000000001
744843	wnJ6LuUFpMo	278	60904.0	85.16799999999999	5.3389999999999995
744844	wnJ6LuUFpMo	278	61022.0	90.507	5.13
744845	wnJ6LuUFpMo	278	59123.0	95.637	5.13
744846	wnJ6LuUFpMo	278	61815.0	100.76700000000001	5.3389999999999995
744847	wnJ6LuUFpMo	278	62459.0	106.10600000000001	5.3389999999999995
744848	wnJ6LuUFpMo	278	59090.0	111.445	5.088
744849	wnJ6LuUFpMo	278	55130.0	116.53299999999999	4.963
744850	wnJ6LuUFpMo	278	59635.0	121.49600000000001	5.2139999999999995
744851	wnJ6LuUFpMo	278	62243.0	126.71	5.3389999999999995
744852	wnJ6LuUFpMo	278	62409.0	132.049	5.422000000000001
744853	wnJ6LuUFpMo	278	60450.0	137.471	5.088
744854	wnJ6LuUFpMo	278	58641.0	142.559	5.0889999999999995
744855	wnJ6LuUFpMo	278	61663.0	147.648	5.171
744856	wnJ6LuUFpMo	278	48054.0	152.819	4.129
744857	wnJ6LuUFpMo	278	62598.0	156.94799999999998	5.256
744858	wnJ6LuUFpMo	278	58896.0	162.204	5.088
744859	wnJ6LuUFpMo	278	52806.0	167.292	4.588
744860	wnJ6LuUFpMo	278	57624.0	171.88	5.005
744861	wnJ6LuUFpMo	278	62360.0	176.885	5.297000000000001
744862	wnJ6LuUFpMo	278	42431.0	182.18200000000002	3.6289999999999996
744863	wnJ6LuUFpMo	160	50622.0	0.0	5.255
744864	wnJ6LuUFpMo	160	75387.0	5.255	5.422000000000001
744865	wnJ6LuUFpMo	160	57675.0	10.677	4.296
744866	wnJ6LuUFpMo	160	68511.0	14.972999999999999	4.963
744867	wnJ6LuUFpMo	160	68745.0	19.936	5.005
744868	wnJ6LuUFpMo	160	61049.0	24.941	4.671
744869	wnJ6LuUFpMo	160	67740.0	29.612	5.088
744870	wnJ6LuUFpMo	160	73210.0	34.7	5.4639999999999995
744871	wnJ6LuUFpMo	160	72529.0	40.164	5.255
744872	wnJ6LuUFpMo	160	73031.0	45.419	5.422000000000001
744873	wnJ6LuUFpMo	160	56113.0	50.841	4.171
744874	wnJ6LuUFpMo	160	68901.0	55.012	5.088
744875	wnJ6LuUFpMo	160	62240.0	60.1	4.671
744876	wnJ6LuUFpMo	160	66599.0	64.771	4.963
744877	wnJ6LuUFpMo	160	59049.0	69.734	5.005
744878	wnJ6LuUFpMo	160	69423.0	74.73899999999999	5.005
744879	wnJ6LuUFpMo	160	71626.0	79.744	5.422000000000001
744880	wnJ6LuUFpMo	160	40871.0	85.166	5.3389999999999995
744881	wnJ6LuUFpMo	160	50414.0	90.505	5.13
744882	wnJ6LuUFpMo	160	43087.0	95.635	5.13
744883	wnJ6LuUFpMo	160	72585.0	100.765	5.3389999999999995
744884	wnJ6LuUFpMo	160	58913.0	106.104	5.3389999999999995
744885	wnJ6LuUFpMo	160	50182.0	111.443	5.088
744886	wnJ6LuUFpMo	160	68061.0	116.531	4.963
744887	wnJ6LuUFpMo	160	69309.0	121.494	5.2139999999999995
744888	wnJ6LuUFpMo	160	47967.0	126.708	5.3389999999999995
744889	wnJ6LuUFpMo	160	45535.0	132.047	5.422000000000001
744890	wnJ6LuUFpMo	160	58113.0	137.469	5.088
744891	wnJ6LuUFpMo	160	70596.0	142.55700000000002	5.088
744892	wnJ6LuUFpMo	160	69532.0	147.645	5.172000000000001
744893	wnJ6LuUFpMo	160	55979.0	152.817	4.129
744894	wnJ6LuUFpMo	160	51082.0	156.946	5.255
744895	wnJ6LuUFpMo	160	33477.0	162.201	5.088
744896	wnJ6LuUFpMo	160	57176.0	167.28900000000002	4.588
744897	wnJ6LuUFpMo	160	68964.0	171.877	5.005
744898	wnJ6LuUFpMo	160	71367.0	176.882	5.297000000000001
744899	wnJ6LuUFpMo	160	49825.0	182.179	3.6289999999999996
744900	wnJ6LuUFpMo	242	144424.0	0.0	5.255
744901	wnJ6LuUFpMo	242	147558.0	5.255	5.422000000000001
744902	wnJ6LuUFpMo	242	94224.0	10.677	4.296
744903	wnJ6LuUFpMo	242	124020.0	14.972999999999999	4.9639999999999995
744904	wnJ6LuUFpMo	242	134685.0	19.937	5.005
744905	wnJ6LuUFpMo	242	110380.0	24.941999999999997	4.671
744906	wnJ6LuUFpMo	242	125845.0	29.613000000000003	5.088
744907	wnJ6LuUFpMo	242	133129.0	34.701	5.4639999999999995
744908	wnJ6LuUFpMo	242	113193.0	40.165	5.255
744909	wnJ6LuUFpMo	242	137661.0	45.42	5.422000000000001
744910	wnJ6LuUFpMo	242	108059.0	50.842	4.171
744911	wnJ6LuUFpMo	242	140009.0	55.013000000000005	5.0889999999999995
744912	wnJ6LuUFpMo	242	128152.0	60.102	4.671
744913	wnJ6LuUFpMo	242	138731.0	64.773	4.963
744914	wnJ6LuUFpMo	242	114869.0	69.736	5.005
744915	wnJ6LuUFpMo	242	136422.0	74.741	5.005
744916	wnJ6LuUFpMo	242	137065.0	79.74600000000001	5.422000000000001
744917	wnJ6LuUFpMo	242	101728.0	85.16799999999999	5.3389999999999995
744918	wnJ6LuUFpMo	242	113050.0	90.507	5.13
744919	wnJ6LuUFpMo	242	109610.0	95.637	5.13
744920	wnJ6LuUFpMo	242	142105.0	100.76700000000001	5.3389999999999995
744921	wnJ6LuUFpMo	242	109372.0	106.10600000000001	5.3389999999999995
744922	wnJ6LuUFpMo	242	122858.0	111.445	5.088
744923	wnJ6LuUFpMo	242	133736.0	116.53299999999999	4.963
744924	wnJ6LuUFpMo	242	137511.0	121.49600000000001	5.2139999999999995
744925	wnJ6LuUFpMo	242	117727.0	126.71	5.3389999999999995
744926	wnJ6LuUFpMo	242	105756.0	132.049	5.422000000000001
744927	wnJ6LuUFpMo	242	137590.0	137.471	5.088
744928	wnJ6LuUFpMo	242	127972.0	142.559	5.0889999999999995
744929	wnJ6LuUFpMo	242	141614.0	147.648	5.171
744930	wnJ6LuUFpMo	242	101624.0	152.819	4.129
744931	wnJ6LuUFpMo	242	115671.0	156.94799999999998	5.256
744932	wnJ6LuUFpMo	242	98426.0	162.204	5.088
744933	wnJ6LuUFpMo	242	119786.0	167.292	4.588
744934	wnJ6LuUFpMo	242	130143.0	171.88	5.005
744935	wnJ6LuUFpMo	242	140454.0	176.885	5.297000000000001
744936	wnJ6LuUFpMo	242	91249.0	182.18200000000002	3.6289999999999996
744937	wnJ6LuUFpMo	133	101112.0	0.0	5.255
744938	wnJ6LuUFpMo	133	150674.0	5.255	5.422000000000001
744939	wnJ6LuUFpMo	133	136586.0	10.677	4.296
744940	wnJ6LuUFpMo	133	146417.0	14.972999999999999	4.963
744941	wnJ6LuUFpMo	133	153458.0	19.936	5.005
744942	wnJ6LuUFpMo	133	128486.0	24.941	4.671
744943	wnJ6LuUFpMo	133	130773.0	29.612	5.088
744944	wnJ6LuUFpMo	133	190871.0	34.7	5.4639999999999995
744945	wnJ6LuUFpMo	133	172853.0	40.164	5.255
744946	wnJ6LuUFpMo	133	160216.0	45.419	5.422000000000001
744947	wnJ6LuUFpMo	133	170696.0	50.841	4.171
744948	wnJ6LuUFpMo	133	163394.0	55.012	5.088
744949	wnJ6LuUFpMo	133	166000.0	60.1	4.671
744950	wnJ6LuUFpMo	133	175692.0	64.771	4.963
744951	wnJ6LuUFpMo	133	108851.0	69.734	5.005
744952	wnJ6LuUFpMo	133	166938.0	74.73899999999999	5.005
744953	wnJ6LuUFpMo	133	179403.0	79.744	5.422000000000001
744954	wnJ6LuUFpMo	133	98752.0	85.166	5.3389999999999995
744955	wnJ6LuUFpMo	133	118164.0	90.505	5.13
744956	wnJ6LuUFpMo	133	101818.0	95.635	5.13
744957	wnJ6LuUFpMo	133	177284.0	100.765	5.3389999999999995
744958	wnJ6LuUFpMo	133	132308.0	106.104	5.3389999999999995
744959	wnJ6LuUFpMo	133	128650.0	111.443	5.088
744960	wnJ6LuUFpMo	133	167023.0	116.531	4.963
744961	wnJ6LuUFpMo	133	182850.0	121.494	5.2139999999999995
744962	wnJ6LuUFpMo	133	120758.0	126.708	5.3389999999999995
744963	wnJ6LuUFpMo	133	103198.0	132.047	5.422000000000001
744964	wnJ6LuUFpMo	133	121560.0	137.469	5.088
744965	wnJ6LuUFpMo	133	188852.0	142.55700000000002	5.088
744966	wnJ6LuUFpMo	133	183716.0	147.645	5.172000000000001
744967	wnJ6LuUFpMo	133	170537.0	152.817	4.129
744968	wnJ6LuUFpMo	133	121778.0	156.946	5.255
744969	wnJ6LuUFpMo	133	81851.0	162.201	5.088
744970	wnJ6LuUFpMo	133	133867.0	167.28900000000002	4.588
744971	wnJ6LuUFpMo	133	160879.0	171.877	5.005
744972	wnJ6LuUFpMo	133	173233.0	176.882	5.297000000000001
744973	wnJ6LuUFpMo	133	109673.0	182.179	3.6289999999999996
744974	wnJ6LuUFpMo	243	269215.0	0.0	5.255
744975	wnJ6LuUFpMo	243	269619.0	5.255	5.422000000000001
744976	wnJ6LuUFpMo	243	166237.0	10.677	4.296
744977	wnJ6LuUFpMo	243	234356.0	14.972999999999999	4.9639999999999995
744978	wnJ6LuUFpMo	243	251580.0	19.937	5.005
744979	wnJ6LuUFpMo	243	202035.0	24.941999999999997	4.671
744980	wnJ6LuUFpMo	243	229881.0	29.613000000000003	5.088
744981	wnJ6LuUFpMo	243	258443.0	34.701	5.4639999999999995
744982	wnJ6LuUFpMo	243	208098.0	40.165	5.255
744983	wnJ6LuUFpMo	243	261240.0	45.42	5.422000000000001
744984	wnJ6LuUFpMo	243	205946.0	50.842	4.171
744985	wnJ6LuUFpMo	243	259459.0	55.013000000000005	5.0889999999999995
744986	wnJ6LuUFpMo	243	236194.0	60.102	4.671
744987	wnJ6LuUFpMo	243	257160.0	64.773	4.963
744988	wnJ6LuUFpMo	243	204043.0	69.736	5.005
744989	wnJ6LuUFpMo	243	249584.0	74.741	5.005
744990	wnJ6LuUFpMo	243	252513.0	79.74600000000001	5.422000000000001
744991	wnJ6LuUFpMo	243	215717.0	85.16799999999999	5.3389999999999995
744992	wnJ6LuUFpMo	243	251861.0	90.507	5.13
744993	wnJ6LuUFpMo	243	215056.0	95.637	5.13
744994	wnJ6LuUFpMo	243	262595.0	100.76700000000001	5.3389999999999995
744995	wnJ6LuUFpMo	243	215586.0	106.10600000000001	5.3389999999999995
744996	wnJ6LuUFpMo	243	248113.0	111.445	5.088
744997	wnJ6LuUFpMo	243	234185.0	116.53299999999999	4.963
744998	wnJ6LuUFpMo	243	240576.0	121.49600000000001	5.2139999999999995
744999	wnJ6LuUFpMo	243	248770.0	126.71	5.3389999999999995
745000	wnJ6LuUFpMo	243	245515.0	132.049	5.422000000000001
745001	wnJ6LuUFpMo	243	252544.0	137.471	5.088
745002	wnJ6LuUFpMo	243	262150.0	142.559	5.0889999999999995
745003	wnJ6LuUFpMo	243	262427.0	147.648	5.171
745004	wnJ6LuUFpMo	243	205557.0	152.819	4.129
745005	wnJ6LuUFpMo	243	209882.0	156.94799999999998	5.256
745006	wnJ6LuUFpMo	243	224601.0	162.204	5.088
745007	wnJ6LuUFpMo	243	217227.0	167.292	4.588
745008	wnJ6LuUFpMo	243	238984.0	171.88	5.005
745009	wnJ6LuUFpMo	243	259044.0	176.885	5.297000000000001
745010	wnJ6LuUFpMo	243	160299.0	182.18200000000002	3.6289999999999996
745011	wnJ6LuUFpMo	134	191067.0	0.0	5.255
745012	wnJ6LuUFpMo	134	341251.0	5.255	5.422000000000001
745013	wnJ6LuUFpMo	134	305539.0	10.677	4.296
745014	wnJ6LuUFpMo	134	315928.0	14.972999999999999	4.963
745015	wnJ6LuUFpMo	134	358857.0	19.936	5.005
745016	wnJ6LuUFpMo	134	267855.0	24.941	4.671
745017	wnJ6LuUFpMo	134	282706.0	29.612	5.088
745018	wnJ6LuUFpMo	134	414408.0	34.7	5.4639999999999995
745019	wnJ6LuUFpMo	134	383051.0	40.164	5.255
745020	wnJ6LuUFpMo	134	389983.0	45.419	5.422000000000001
745021	wnJ6LuUFpMo	134	374295.0	50.841	4.171
745022	wnJ6LuUFpMo	134	391058.0	55.012	5.088
745023	wnJ6LuUFpMo	134	378460.0	60.1	4.671
745024	wnJ6LuUFpMo	134	335378.0	64.771	4.963
745025	wnJ6LuUFpMo	134	256987.0	69.734	5.005
745026	wnJ6LuUFpMo	134	374063.0	74.73899999999999	5.005
745027	wnJ6LuUFpMo	134	411417.0	79.744	5.422000000000001
745028	wnJ6LuUFpMo	134	213419.0	85.166	5.3389999999999995
745029	wnJ6LuUFpMo	134	260808.0	90.505	5.13
745030	wnJ6LuUFpMo	134	232199.0	95.635	5.13
745031	wnJ6LuUFpMo	134	411665.0	100.765	5.3389999999999995
745032	wnJ6LuUFpMo	134	281740.0	106.104	5.3389999999999995
745033	wnJ6LuUFpMo	134	273386.0	111.443	5.088
745034	wnJ6LuUFpMo	134	379886.0	116.531	4.963
745035	wnJ6LuUFpMo	134	406860.0	121.494	5.2139999999999995
745036	wnJ6LuUFpMo	134	271332.0	126.708	5.3389999999999995
745037	wnJ6LuUFpMo	134	227603.0	132.047	5.422000000000001
745038	wnJ6LuUFpMo	134	289710.0	137.469	5.088
745039	wnJ6LuUFpMo	134	420863.0	142.55700000000002	5.088
745040	wnJ6LuUFpMo	134	414971.0	147.645	5.172000000000001
745041	wnJ6LuUFpMo	134	373037.0	152.817	4.129
745042	wnJ6LuUFpMo	134	276927.0	156.946	5.255
745043	wnJ6LuUFpMo	134	188635.0	162.201	5.088
745044	wnJ6LuUFpMo	134	304539.0	167.28900000000002	4.588
745045	wnJ6LuUFpMo	134	386014.0	171.877	5.005
745046	wnJ6LuUFpMo	134	354233.0	176.882	5.297000000000001
745047	wnJ6LuUFpMo	134	197049.0	182.179	3.6289999999999996
745048	wnJ6LuUFpMo	244	494684.0	0.0	5.255
745049	wnJ6LuUFpMo	244	474656.0	5.255	5.422000000000001
745050	wnJ6LuUFpMo	244	301727.0	10.677	4.296
745051	wnJ6LuUFpMo	244	429958.0	14.972999999999999	4.9639999999999995
745052	wnJ6LuUFpMo	244	440552.0	19.937	5.005
745053	wnJ6LuUFpMo	244	378234.0	24.941999999999997	4.671
745054	wnJ6LuUFpMo	244	448444.0	29.613000000000003	5.088
745055	wnJ6LuUFpMo	244	439527.0	34.701	5.4639999999999995
745056	wnJ6LuUFpMo	244	408435.0	40.165	5.255
745057	wnJ6LuUFpMo	244	473231.0	45.42	5.422000000000001
745058	wnJ6LuUFpMo	244	359344.0	50.842	4.171
745059	wnJ6LuUFpMo	244	479281.0	55.013000000000005	5.0889999999999995
745060	wnJ6LuUFpMo	244	429451.0	60.102	4.671
745061	wnJ6LuUFpMo	244	469895.0	64.773	4.963
745062	wnJ6LuUFpMo	244	379220.0	69.736	5.005
745063	wnJ6LuUFpMo	244	450186.0	74.741	5.005
745064	wnJ6LuUFpMo	244	486275.0	79.74600000000001	5.422000000000001
745065	wnJ6LuUFpMo	244	417086.0	85.16799999999999	5.3389999999999995
745066	wnJ6LuUFpMo	244	392316.0	90.507	5.13
745067	wnJ6LuUFpMo	244	415858.0	95.637	5.13
745068	wnJ6LuUFpMo	244	453082.0	100.76700000000001	5.3389999999999995
745069	wnJ6LuUFpMo	244	401368.0	106.10600000000001	5.3389999999999995
745070	wnJ6LuUFpMo	244	479197.0	111.445	5.088
745071	wnJ6LuUFpMo	244	407671.0	116.53299999999999	4.963
745072	wnJ6LuUFpMo	244	418972.0	121.49600000000001	5.2139999999999995
745073	wnJ6LuUFpMo	244	458328.0	126.71	5.3389999999999995
745074	wnJ6LuUFpMo	244	391154.0	132.049	5.422000000000001
745075	wnJ6LuUFpMo	244	458307.0	137.471	5.088
745076	wnJ6LuUFpMo	244	476060.0	142.559	5.0889999999999995
745077	wnJ6LuUFpMo	244	488225.0	147.648	5.171
745078	wnJ6LuUFpMo	244	350625.0	152.819	4.129
745079	wnJ6LuUFpMo	244	385615.0	156.94799999999998	5.256
745080	wnJ6LuUFpMo	244	433495.0	162.204	5.088
745081	wnJ6LuUFpMo	244	396692.0	167.292	4.588
745082	wnJ6LuUFpMo	244	423189.0	171.88	5.005
745083	wnJ6LuUFpMo	244	477303.0	176.885	5.297000000000001
745084	wnJ6LuUFpMo	244	263377.0	182.18200000000002	3.6289999999999996
745085	wnJ6LuUFpMo	135	314522.0	0.0	5.255
745086	wnJ6LuUFpMo	135	641946.0	5.255	5.422000000000001
745087	wnJ6LuUFpMo	135	478739.0	10.677	4.296
745088	wnJ6LuUFpMo	135	610448.0	14.972999999999999	4.963
745089	wnJ6LuUFpMo	135	570551.0	19.936	5.005
745090	wnJ6LuUFpMo	135	451820.0	24.941	4.671
745091	wnJ6LuUFpMo	135	531796.0	29.612	5.088
745092	wnJ6LuUFpMo	135	780343.0	34.7	5.4639999999999995
745093	wnJ6LuUFpMo	135	572437.0	40.164	5.255
745094	wnJ6LuUFpMo	135	777479.0	45.419	5.422000000000001
745095	wnJ6LuUFpMo	135	572779.0	50.841	4.171
745096	wnJ6LuUFpMo	135	794296.0	55.012	5.088
745097	wnJ6LuUFpMo	135	652836.0	60.1	4.671
745098	wnJ6LuUFpMo	135	588546.0	64.771	4.963
745099	wnJ6LuUFpMo	135	509451.0	69.734	5.005
745100	wnJ6LuUFpMo	135	742986.0	74.73899999999999	5.005
745101	wnJ6LuUFpMo	135	627399.0	79.744	5.422000000000001
745102	wnJ6LuUFpMo	135	326831.0	85.166	5.3389999999999995
745103	wnJ6LuUFpMo	135	393957.0	90.505	5.13
745104	wnJ6LuUFpMo	135	355731.0	95.635	5.13
745105	wnJ6LuUFpMo	135	629905.0	100.765	5.3389999999999995
745106	wnJ6LuUFpMo	135	411869.0	106.104	5.3389999999999995
745107	wnJ6LuUFpMo	135	417501.0	111.443	5.088
745108	wnJ6LuUFpMo	135	533460.0	116.531	4.963
745109	wnJ6LuUFpMo	135	674148.0	121.494	5.2139999999999995
745110	wnJ6LuUFpMo	135	425981.0	126.708	5.3389999999999995
745111	wnJ6LuUFpMo	135	342465.0	132.047	5.422000000000001
745112	wnJ6LuUFpMo	135	575877.0	137.469	5.088
745113	wnJ6LuUFpMo	135	625148.0	142.55700000000002	5.088
745114	wnJ6LuUFpMo	135	801979.0	147.645	5.172000000000001
745115	wnJ6LuUFpMo	135	558192.0	152.817	4.129
745116	wnJ6LuUFpMo	135	423637.0	156.946	5.255
745117	wnJ6LuUFpMo	135	295888.0	162.201	5.088
745118	wnJ6LuUFpMo	135	528519.0	167.28900000000002	4.588
745119	wnJ6LuUFpMo	135	679506.0	171.877	5.005
745120	wnJ6LuUFpMo	135	592914.0	176.882	5.297000000000001
745121	wnJ6LuUFpMo	135	344528.0	182.179	3.6289999999999996
745122	wnJ6LuUFpMo	247	965956.0	0.0	5.255
745123	wnJ6LuUFpMo	247	922691.0	5.255	5.422000000000001
745124	wnJ6LuUFpMo	247	559833.0	10.677	4.296
745125	wnJ6LuUFpMo	247	848873.0	14.972999999999999	4.9639999999999995
745126	wnJ6LuUFpMo	247	871007.0	19.937	5.005
745127	wnJ6LuUFpMo	247	702513.0	24.941999999999997	4.671
745128	wnJ6LuUFpMo	247	875379.0	29.613000000000003	5.088
745129	wnJ6LuUFpMo	247	826223.0	34.701	5.4639999999999995
745130	wnJ6LuUFpMo	247	777604.0	40.165	5.255
745131	wnJ6LuUFpMo	247	956735.0	45.42	5.422000000000001
745132	wnJ6LuUFpMo	247	719354.0	50.842	4.171
745133	wnJ6LuUFpMo	247	968877.0	55.013000000000005	5.0889999999999995
745134	wnJ6LuUFpMo	247	864260.0	60.102	4.671
745135	wnJ6LuUFpMo	247	792589.0	64.773	4.963
745136	wnJ6LuUFpMo	247	874666.0	69.736	5.005
745137	wnJ6LuUFpMo	247	827199.0	74.741	5.005
745138	wnJ6LuUFpMo	247	1004484.0	79.74600000000001	5.422000000000001
745139	wnJ6LuUFpMo	247	549531.0	85.16799999999999	5.3389999999999995
745140	wnJ6LuUFpMo	247	628961.0	90.507	5.13
745141	wnJ6LuUFpMo	247	605222.0	95.637	5.13
745142	wnJ6LuUFpMo	247	984193.0	100.76700000000001	5.3389999999999995
745143	wnJ6LuUFpMo	247	494782.0	106.10600000000001	5.3389999999999995
745144	wnJ6LuUFpMo	247	597340.0	111.445	5.088
745145	wnJ6LuUFpMo	247	788808.0	116.53299999999999	4.963
745146	wnJ6LuUFpMo	247	722221.0	121.49600000000001	5.2139999999999995
745147	wnJ6LuUFpMo	247	664254.0	126.71	5.3389999999999995
745148	wnJ6LuUFpMo	247	423780.0	132.049	5.422000000000001
745149	wnJ6LuUFpMo	247	810224.0	137.471	5.088
745150	wnJ6LuUFpMo	247	842966.0	142.559	5.0889999999999995
745151	wnJ6LuUFpMo	247	976128.0	147.648	5.171
745152	wnJ6LuUFpMo	247	732837.0	152.819	4.129
745153	wnJ6LuUFpMo	247	737693.0	156.94799999999998	5.256
745154	wnJ6LuUFpMo	247	570443.0	162.204	5.088
745155	wnJ6LuUFpMo	247	600658.0	167.292	4.588
745156	wnJ6LuUFpMo	247	836225.0	171.88	5.005
745157	wnJ6LuUFpMo	247	914556.0	176.885	5.297000000000001
745158	wnJ6LuUFpMo	247	483106.0	182.18200000000002	3.6289999999999996
745159	wnJ6LuUFpMo	136	584144.0	0.0	5.255
745160	wnJ6LuUFpMo	136	1078984.0	5.255	5.422000000000001
745161	wnJ6LuUFpMo	136	716786.0	10.677	4.296
745162	wnJ6LuUFpMo	136	1053303.0	14.972999999999999	4.963
745163	wnJ6LuUFpMo	136	916862.0	19.936	5.005
745164	wnJ6LuUFpMo	136	752578.0	24.941	4.671
745165	wnJ6LuUFpMo	136	858917.0	29.612	5.088
745166	wnJ6LuUFpMo	136	1271344.0	34.7	5.4639999999999995
745167	wnJ6LuUFpMo	136	989671.0	40.164	5.255
745168	wnJ6LuUFpMo	136	1346854.0	45.419	5.422000000000001
745169	wnJ6LuUFpMo	136	806772.0	50.841	4.171
745170	wnJ6LuUFpMo	136	1253719.0	55.012	5.088
745171	wnJ6LuUFpMo	136	996436.0	60.1	4.671
745172	wnJ6LuUFpMo	136	986823.0	64.771	4.963
745173	wnJ6LuUFpMo	136	861771.0	69.734	5.005
745174	wnJ6LuUFpMo	136	1265627.0	74.73899999999999	5.005
745175	wnJ6LuUFpMo	136	908576.0	79.744	5.422000000000001
745176	wnJ6LuUFpMo	136	458224.0	85.166	5.3389999999999995
745177	wnJ6LuUFpMo	136	547120.0	90.505	5.13
745178	wnJ6LuUFpMo	136	574903.0	95.635	5.13
745179	wnJ6LuUFpMo	136	841640.0	100.765	5.3389999999999995
745180	wnJ6LuUFpMo	136	580865.0	106.104	5.3389999999999995
745181	wnJ6LuUFpMo	136	589978.0	111.443	5.088
745182	wnJ6LuUFpMo	136	819919.0	116.531	4.963
745183	wnJ6LuUFpMo	136	1152152.0	121.494	5.2139999999999995
745184	wnJ6LuUFpMo	136	621248.0	126.708	5.3389999999999995
745185	wnJ6LuUFpMo	136	481382.0	132.047	5.422000000000001
745186	wnJ6LuUFpMo	136	868666.0	137.469	5.088
745187	wnJ6LuUFpMo	136	855843.0	142.55700000000002	5.088
745188	wnJ6LuUFpMo	136	1089709.0	147.645	5.172000000000001
745189	wnJ6LuUFpMo	136	763286.0	152.817	4.129
745190	wnJ6LuUFpMo	136	590795.0	156.946	5.255
745191	wnJ6LuUFpMo	136	482499.0	162.201	5.088
745192	wnJ6LuUFpMo	136	871244.0	167.28900000000002	4.588
745193	wnJ6LuUFpMo	136	1216694.0	171.877	5.005
745194	wnJ6LuUFpMo	136	1000497.0	176.882	5.297000000000001
745195	wnJ6LuUFpMo	136	637870.0	182.179	3.6289999999999996
745196	wnJ6LuUFpMo	248	1738306.0	0.0	5.255
745197	wnJ6LuUFpMo	248	1475092.0	5.255	5.422000000000001
745198	wnJ6LuUFpMo	248	939346.0	10.677	4.296
745199	wnJ6LuUFpMo	248	1425655.0	14.972999999999999	4.9639999999999995
745200	wnJ6LuUFpMo	248	1254758.0	19.937	5.005
745201	wnJ6LuUFpMo	248	1279445.0	24.941999999999997	4.671
745202	wnJ6LuUFpMo	248	1396077.0	29.613000000000003	5.088
745203	wnJ6LuUFpMo	248	1446043.0	34.701	5.4639999999999995
745204	wnJ6LuUFpMo	248	1267865.0	40.165	5.255
745205	wnJ6LuUFpMo	248	1719673.0	45.42	5.422000000000001
745206	wnJ6LuUFpMo	248	1104748.0	50.842	4.171
745207	wnJ6LuUFpMo	248	1629906.0	55.013000000000005	5.0889999999999995
745208	wnJ6LuUFpMo	248	1517877.0	60.102	4.671
745209	wnJ6LuUFpMo	248	1129293.0	64.773	4.963
745210	wnJ6LuUFpMo	248	1567889.0	69.736	5.005
745211	wnJ6LuUFpMo	248	1397452.0	74.741	5.005
745212	wnJ6LuUFpMo	248	1531205.0	79.74600000000001	5.422000000000001
745213	wnJ6LuUFpMo	248	635156.0	85.16799999999999	5.3389999999999995
745214	wnJ6LuUFpMo	248	943920.0	90.507	5.13
745215	wnJ6LuUFpMo	248	807308.0	95.637	5.13
745216	wnJ6LuUFpMo	248	1563347.0	100.76700000000001	5.3389999999999995
745217	wnJ6LuUFpMo	248	603931.0	106.10600000000001	5.3389999999999995
745218	wnJ6LuUFpMo	248	640449.0	111.445	5.088
745219	wnJ6LuUFpMo	248	1359895.0	116.53299999999999	4.963
745220	wnJ6LuUFpMo	248	1157036.0	121.49600000000001	5.2139999999999995
745221	wnJ6LuUFpMo	248	826585.0	126.71	5.3389999999999995
745222	wnJ6LuUFpMo	248	527785.0	132.049	5.422000000000001
745223	wnJ6LuUFpMo	248	1420009.0	137.471	5.088
745224	wnJ6LuUFpMo	248	1273344.0	142.559	5.0889999999999995
745225	wnJ6LuUFpMo	248	1483501.0	147.648	5.171
745226	wnJ6LuUFpMo	248	1031361.0	152.819	4.129
745227	wnJ6LuUFpMo	248	1237713.0	156.94799999999998	5.256
745228	wnJ6LuUFpMo	248	637359.0	162.204	5.088
745229	wnJ6LuUFpMo	248	919103.0	167.292	4.588
745230	wnJ6LuUFpMo	248	1409580.0	171.88	5.005
745231	wnJ6LuUFpMo	248	1674636.0	176.885	5.297000000000001
745232	wnJ6LuUFpMo	248	885199.0	182.18200000000002	3.6289999999999996
745233	wnJ6LuUFpMo	137	992307.0	0.0	5.255
745234	wnJ6LuUFpMo	137	1666270.0	5.255	5.422000000000001
745235	wnJ6LuUFpMo	137	974288.0	10.677	4.296
745236	wnJ6LuUFpMo	137	1716682.0	14.972999999999999	4.963
745237	wnJ6LuUFpMo	137	1208596.0	19.936	5.005
745238	wnJ6LuUFpMo	137	1150795.0	24.941	4.671
745239	wnJ6LuUFpMo	137	1181236.0	29.612	5.088
745240	wnJ6LuUFpMo	137	1513909.0	34.7	5.4639999999999995
745241	wnJ6LuUFpMo	137	1102762.0	40.164	5.255
745242	wnJ6LuUFpMo	137	1932146.0	45.419	5.422000000000001
745243	wnJ6LuUFpMo	137	1111474.0	50.841	4.171
745244	wnJ6LuUFpMo	137	1783180.0	55.012	5.088
745245	wnJ6LuUFpMo	137	1384113.0	60.1	4.671
745246	wnJ6LuUFpMo	137	1351270.0	64.771	4.963
745247	wnJ6LuUFpMo	137	1415179.0	69.734	5.005
745248	wnJ6LuUFpMo	137	1760435.0	74.73899999999999	5.005
745249	wnJ6LuUFpMo	137	1225249.0	79.744	5.422000000000001
745250	wnJ6LuUFpMo	137	660361.0	85.166	5.3389999999999995
745251	wnJ6LuUFpMo	137	799311.0	90.505	5.13
745252	wnJ6LuUFpMo	137	726317.0	95.635	5.13
745253	wnJ6LuUFpMo	137	1176582.0	100.765	5.3389999999999995
745254	wnJ6LuUFpMo	137	767937.0	106.104	5.3389999999999995
745255	wnJ6LuUFpMo	137	787532.0	111.443	5.088
745256	wnJ6LuUFpMo	137	1326614.0	116.531	4.963
745257	wnJ6LuUFpMo	137	1295184.0	121.494	5.2139999999999995
745258	wnJ6LuUFpMo	137	900692.0	126.708	5.3389999999999995
745259	wnJ6LuUFpMo	137	706557.0	132.047	5.422000000000001
745260	wnJ6LuUFpMo	137	1544201.0	137.469	5.088
745261	wnJ6LuUFpMo	137	1074228.0	142.55700000000002	5.088
745262	wnJ6LuUFpMo	137	1415827.0	147.645	5.172000000000001
745263	wnJ6LuUFpMo	137	948000.0	152.817	4.129
745264	wnJ6LuUFpMo	137	836935.0	156.946	5.255
745265	wnJ6LuUFpMo	137	621881.0	162.201	5.088
745266	wnJ6LuUFpMo	137	1207434.0	167.28900000000002	4.588
745267	wnJ6LuUFpMo	137	1704703.0	171.877	5.005
745268	wnJ6LuUFpMo	137	1319197.0	176.882	5.297000000000001
745269	wnJ6LuUFpMo	137	871275.0	182.179	3.6289999999999996
